"","Built","n","prop"
"1","3.4.0",75,0.358851674641148
"2","3.4.1",22,0.105263157894737
"3","3.4.2",45,0.215311004784689
"4","3.4.3",67,0.320574162679426
